{
  "file_A": "ux_version_A.parquet",
  "file_B": "ux_version_B.parquet",
  "detected_problems": {
    "Высокий отскок с ключевых страниц": {
      "catalog": {
        "time_on_page_avg": {
          "value_in_A": 40.72020063594444,
          "value_in_B": 87.36400839245277,
          "change_coef": 1.1454709708707826
        }
      },
      "checkout": {
        "bounce_rate": {
          "value_in_A": 0.16880512613400694,
          "value_in_B": 0.5182221714542568,
          "change_coef": 2.069943332425006
        }
      },
      "faq": {
        "time_on_page_avg": {
          "value_in_A": 42.83002003215417,
          "value_in_B": 76.75456468485795,
          "change_coef": 0.7920739851915855
        }
      },
      "home": {
        "time_on_page_avg": {
          "value_in_A": 28.544696465010347,
          "value_in_B": 101.17818555575207,
          "change_coef": 2.544552862202432
        }
      },
      "product": {
        "time_on_page_avg": {
          "value_in_A": 27.41684119287047,
          "value_in_B": 47.08717538197745,
          "change_coef": 0.7174544306811718
        }
      }
    },
    "«Блуждание» по сайту/приложению": {
      "catalog": {
        "pages_per_session": {
          "value_in_A": 1.3765115683359914,
          "value_in_B": 3.4461691433255566,
          "change_coef": 1.5035526199692528
        }
      },
      "checkout": {
        "pages_per_session": {
          "value_in_A": 2.7005497690671647,
          "value_in_B": 4.637262514128299,
          "change_coef": 0.7171549909002868
        }
      },
      "faq": {
        "pages_per_session": {
          "value_in_A": 3.9103301914473807,
          "value_in_B": 2.3357417146619226,
          "change_coef": -0.40267404533493767
        }
      },
      "home": {
        "pages_per_session": {
          "value_in_A": 1.7428939081033747,
          "value_in_B": 4.435770939483775,
          "change_coef": 1.5450607858918972
        }
      },
      "product": {
        "pages_per_session": {
          "value_in_A": 1.3189905113311227,
          "value_in_B": 3.5625076694352007,
          "change_coef": 1.7009350248016
        }
      }
    },
    "Проблемы с навигацией": {
      "catalog": {
        "pages_per_session": {
          "value_in_A": 1.3765115683359914,
          "value_in_B": 3.4461691433255566,
          "change_coef": 1.5035526199692528
        }
      },
      "checkout": {
        "pages_per_session": {
          "value_in_A": 2.7005497690671647,
          "value_in_B": 4.637262514128299,
          "change_coef": 0.7171549909002868
        }
      },
      "faq": {
        "pages_per_session": {
          "value_in_A": 3.9103301914473807,
          "value_in_B": 2.3357417146619226,
          "change_coef": -0.40267404533493767
        }
      },
      "home": {
        "pages_per_session": {
          "value_in_A": 1.7428939081033747,
          "value_in_B": 4.435770939483775,
          "change_coef": 1.5450607858918972
        }
      },
      "product": {
        "pages_per_session": {
          "value_in_A": 1.3189905113311227,
          "value_in_B": 3.5625076694352007,
          "change_coef": 1.7009350248016
        }
      }
    },
    "Критические точки отказа в воронках": {
      "catalog": {
        "conversions": {
          "value_in_A": 30.0,
          "value_in_B": 108.0,
          "change_coef": 2.6
        }
      },
      "checkout": {
        "conversions": {
          "value_in_A": 16.0,
          "value_in_B": 27.0,
          "change_coef": 0.6875
        }
      },
      "faq": {
        "conversions": {
          "value_in_A": 146.0,
          "value_in_B": 19.0,
          "change_coef": -0.8698630136986302
        }
      },
      "home": {
        "conversions": {
          "value_in_A": 27.0,
          "value_in_B": 52.0,
          "change_coef": 0.9259259259259259
        }
      },
      "product": {
        "conversions": {
          "value_in_A": 67.0,
          "value_in_B": 90.0,
          "change_coef": 0.34328358208955223
        }
      }
    },
    "Ошибки ввода данных в формах": {
      "catalog": {
        "form_abandoned": {
          "value_in_A": 59.0,
          "value_in_B": 77.0,
          "change_coef": 0.3050847457627119
        }
      },
      "checkout": {
        "form_abandoned": {
          "value_in_A": 91.0,
          "value_in_B": 4.0,
          "change_coef": -0.9560439560439561
        }
      },
      "faq": {
        "field_errors": {
          "value_in_A": 0.0,
          "value_in_B": 8.0,
          "change_coef": Infinity
        }
      },
      "home": {
        "form_abandoned": {
          "value_in_A": 14.0,
          "value_in_B": 109.0,
          "change_coef": 6.785714285714286
        }
      },
      "product": {
        "form_abandoned": {
          "value_in_A": 61.0,
          "value_in_B": 10.0,
          "change_coef": -0.8360655737704918
        }
      }
    }
  }
}